Company,Role,Salary,Benefits,Equity,Location,Work Type,Notice Period,Full Text (Letter)
Alphabyte Inc,Software Engineer,"$110,000","Health insurance, 401(k), Remote work stipend",0.1%,"San Francisco, CA",Remote,2 weeks,"Dear Candidate,

We are pleased to offer you the position of Software Engineer at Alphabyte Inc. Your starting annual salary will be $110,000. In addition, you will receive a 0.1% equity stake in the company. Benefits include comprehensive health insurance, a 401(k) plan, and a remote work stipend. This is a full-time remote position based out of San Francisco, CA. Your expected start date is two weeks from acceptance of this offer.

Sincerely,
Alphabyte Inc HR"
BioCore Labs,Data Analyst,"$85,000","Health insurance, Relocation bonus",None,"Boston, MA",On-site,1 month,"Dear Applicant,

BioCore Labs is excited to extend you an offer for the role of Data Analyst. Your compensation will be $85,000 annually. We are also providing a relocation bonus and full health insurance coverage. This position is on-site at our Boston, MA office. You are expected to join one month after accepting the offer.

Best regards,
BioCore Labs Recruitment Team"
FinovateX,Product Manager,"$125,000","Stock options, Dental & Vision, Performance Bonus",500 stock options,"New York, NY",Hybrid,3 weeks,"Dear [Candidate Name],

We are delighted to offer you the position of Product Manager at FinovateX. The base salary is $125,000 per year, with performance bonuses and 500 stock options. Additional benefits include dental and vision plans. The role is hybrid and based in New York, NY. You are expected to report in 3 weeks from acceptance.

Warm regards,
FinovateX HR Team"
